{
  "path": "vanilla/plants/carrot_plant.json",
  "version": "1.16.4",
  "json_documentation": "https://agridocs.readthedocs.io/en/master/agri_plant/",
  "enabled": true,
  "mods": [
    "agricraft",
    "minecraft"
  ],
  "id": "vanilla:carrot_plant",
  "plant_lang_key": "agricraft.plant.carrot.name",
  "seed_lang_key": "agricraft.plant.carrot.seed",
  "desc_lang_key": "agricraft.plant.carrot.desc",
  "seed_items": [
    {
      "overridePlanting": true,
      "type": "item",
      "object": "minecraft:carrot",
      "useTag": false,
      "data": "",
      "ignoredData": [
        "*"
      ]
    }
  ],
  "stages": [
    2,
    4,
    6,
    8,
    10,
    12,
    14,
    16
  ],
  "harvestStage": 4,
  "growth_chance": 0.75,
  "growth_bonus": 0.025,
  "bonemeal": true,
  "tier": 1,
  "cloneable": true,
  "spread_chance": 0.1,
  "grass_drop_chance": 0.0,
  "seed_drop_chance": 1.0,
  "seed_drop_bonus": 0.0,
  "products": {
    "products": [
      {
        "min": 1,
        "max": 4,
        "chance": 1.0,
        "required": true,
        "type": "item",
        "object": "minecraft:carrot",
        "useTag": false,
        "data": "",
        "ignoredData": []
      }
    ]
  },
  "clip_products": {
    "products": []
  },
  "requirement": {
    "soil_humidity": {
      "condition": "wet",
      "type": "equal",
      "tolerance_factor": 0.15
    },
    "soil_acidity": {
      "condition": "slightly_acidic",
      "type": "equal",
      "tolerance_factor": 0.2
    },
    "soil_nutrients": {
      "condition": "high",
      "type": "equal_or_higher",
      "tolerance_factor": 0.1
    },
    "min_light": 10,
    "max_light": 16,
    "light_tolerance_factor": 0.5,
    "seasons": [
      "spring",
      "autumn"
    ],
    "conditions": [],
    "fluid": {
      "type": "fluid",
      "object": "minecraft:empty",
      "useTag": false,
      "data": "",
      "ignoredData": []
    }
  },
  "callbacks": [],
  "texture": {
    "render_type": "hash",
    "plant_models": [],
    "plant_textures": [
      [
        "minecraft:block/carrots_stage0"
      ],
      [
        "minecraft:block/carrots_stage0"
      ],
      [
        "minecraft:block/carrots_stage0"
      ],
      [
        "minecraft:block/carrots_stage1"
      ],
      [
        "minecraft:block/carrots_stage1"
      ],
      [
        "minecraft:block/carrots_stage2"
      ],
      [
        "minecraft:block/carrots_stage2"
      ],
      [
        "minecraft:block/carrots_stage3"
      ]
    ]
  },
  "seed_texture": "agricraft:seed/carrot",
  "seed_model": "agricraft:seed/carrot",
  "particle_effects": []
}
