{
  "path": "mod_immersiveengineering/plants/hemp_plant.json",
  "version": "1.16.4",
  "json_documentation": "https://agridocs.readthedocs.io/en/master/agri_plant/",
  "enabled": true,
  "mods": [
    "immersiveengineering",
    "agricraft",
    "minecraft"
  ],
  "id": "immersiveengineering:hemp_plant",
  "plant_lang_key": "block.immersiveengineering.hemp",
  "seed_lang_key": "item.immersiveengineering.seed",
  "desc_lang_key": "agricraft.plant.immersiveengineering_hemp.desc",
  "seed_items": [
    {
      "overridePlanting": true,
      "type": "item",
      "object": "immersiveengineering:seed",
      "useTag": false,
      "data": "",
      "ignoredData": [
        "*"
      ]
    }
  ],
  "stages": [
    6,
    10,
    10,
    12,
    12,
    16,
    16,
    32
  ],
  "harvestStage": 4,
  "growth_chance": 0.75,
  "growth_bonus": 0.025,
  "bonemeal": true,
  "tier": 1,
  "cloneable": true,
  "spread_chance": 0.1,
  "grass_drop_chance": 0.0,
  "seed_drop_chance": 1.0,
  "seed_drop_bonus": 0.0,
  "products": {
    "products": [
      {
        "min": 1,
        "max": 2,
        "chance": 0.5,
        "required": true,
        "type": "item",
        "object": "immersiveengineering:seed",
        "useTag": false,
        "data": "",
        "ignoredData": []
      },
      {
        "min": 1,
        "max": 2,
        "chance": 0.5,
        "required": true,
        "type": "item",
        "object": "immersiveengineering:hemp_fiber",
        "useTag": false,
        "data": "",
        "ignoredData": []
      }
    ]
  },
  "clip_products": {
    "products": []
  },
  "requirement": {
    "soil_humidity": {
      "condition": "wet",
      "type": "equal",
      "tolerance_factor": 0.15
    },
    "soil_acidity": {
      "condition": "slightly_acidic",
      "type": "equal",
      "tolerance_factor": 0.2
    },
    "soil_nutrients": {
      "condition": "high",
      "type": "equal_or_higher",
      "tolerance_factor": 0.1
    },
    "min_light": 10,
    "max_light": 16,
    "light_tolerance_factor": 0.5,
    "seasons": [
      "spring",
      "summer",
      "autumn",
      "winter"
    ],
    "conditions": [],
    "fluid": {
      "type": "fluid",
      "object": "minecraft:empty",
      "useTag": false,
      "data": "",
      "ignoredData": []
    }
  },
  "callbacks": [],
  "texture": {
    "render_type": "hash",
    "plant_models": [],
    "plant_textures": [
      [
        "immersiveengineering:block/hemp/bottom0"
      ],
      [
        "immersiveengineering:block/hemp/bottom0"
      ],
      [
        "immersiveengineering:block/hemp/bottom1"
      ],
      [
        "immersiveengineering:block/hemp/bottom1"
      ],
      [
        "immersiveengineering:block/hemp/bottom2"
      ],
      [
        "immersiveengineering:block/hemp/bottom2"
      ],
      [
        "immersiveengineering:block/hemp/bottom3"
      ],
      [
        "immersiveengineering:block/hemp/top0",
        "immersiveengineering:block/hemp/bottom4"
      ]
    ]
  },
  "seed_texture": "immersiveengineering:item/seed_hemp",
  "seed_model": "immersiveengineering:item/hemp",
  "particle_effects": []
}
