{
  "path": "mod_quark/plants/glowshroom_plant.json",
  "version": "1.16.4",
  "json_documentation": "https://agridocs.readthedocs.io/en/master/agri_plant/",
  "enabled": true,
  "mods": [
    "quark",
    "agricraft",
    "minecraft"
  ],
  "id": "quark:glowshroom_plant",
  "plant_lang_key": "block.quark.glowshroom",
  "seed_lang_key": "block.quark.glowshroom",
  "desc_lang_key": "agricraft.plant.quark_brown_mushroom.desc",
  "seed_items": [
    {
      "overridePlanting": true,
      "type": "item",
      "object": "quark:glowshroom",
      "useTag": false,
      "data": "",
      "ignoredData": [
        "*"
      ]
    }
  ],
  "stages": [
    2,
    4,
    6,
    8,
    10,
    12,
    14,
    16
  ],
  "harvestStage": 4,
  "growth_chance": 0.75,
  "growth_bonus": 0.025,
  "bonemeal": true,
  "tier": 1,
  "cloneable": true,
  "spread_chance": 0.1,
  "grass_drop_chance": 0.0,
  "seed_drop_chance": 1.0,
  "seed_drop_bonus": 0.0,
  "products": {
    "products": [
      {
        "min": 1,
        "max": 3,
        "chance": 0.95,
        "required": true,
        "type": "item",
        "object": "quark:glowshroom",
        "useTag": false,
        "data": "",
        "ignoredData": []
      }
    ]
  },
  "clip_products": {
    "products": []
  },
  "requirement": {
    "soil_humidity": {
      "condition": "dry",
      "type": "equal",
      "tolerance_factor": 0.15
    },
    "soil_acidity": {
      "condition": "slightly_acidic",
      "type": "equal",
      "tolerance_factor": 0.2
    },
    "soil_nutrients": {
      "condition": "medium",
      "type": "equal_or_lower",
      "tolerance_factor": 0.2
    },
    "min_light": 0,
    "max_light": 16,
    "light_tolerance_factor": 0.5,
    "seasons": [
      "spring",
      "summer",
      "autumn",
      "winter"
    ],
    "conditions": [],
    "fluid": {
      "type": "fluid",
      "object": "minecraft:empty",
      "useTag": false,
      "data": "",
      "ignoredData": []
    }
  },
  "callbacks": [
    "agricraft:brightness"
  ],
  "texture": {
    "render_type": "hash",
    "plant_models": [],
    "plant_textures": [
      [
        "agricraft:plant/quark/glowshroom1"
      ],
      [
        "agricraft:plant/quark/glowshroom1"
      ],
      [
        "agricraft:plant/quark/glowshroom1"
      ],
      [
        "agricraft:plant/quark/glowshroom2"
      ],
      [
        "agricraft:plant/quark/glowshroom2"
      ],
      [
        "agricraft:plant/quark/glowshroom3"
      ],
      [
        "agricraft:plant/quark/glowshroom3"
      ],
      [
        "agricraft:plant/quark/glowshroom4"
      ]
    ]
  },
  "seed_texture": "agricraft:seed/quark/glowshroom",
  "seed_model": "agricraft:seed/quark/glowshroom",
  "particle_effects": []
}
