{
  "path": "mod_pamhc2crops/plants/grape_plant.json",
  "version": "1.16.4",
  "json_documentation": "https://agridocs.readthedocs.io/en/master/agri_plant/",
  "enabled": true,
  "mods": [
    "pamhc2crops",
    "agricraft",
    "minecraft"
  ],
  "id": "pamhc2crops:grape_plant",
  "plant_lang_key": "block.pamhc2crops.pamgrapecrop",
  "seed_lang_key": "item.pamhc2crops.grapeseeditem",
  "desc_lang_key": "item.pamhc2crops.grapeitem",
  "seed_items": [
    {
      "overridePlanting": true,
      "type": "item",
      "object": "pamhc2crops:grapeseeditem",
      "useTag": false,
      "data": "",
      "ignoredData": [
        "*"
      ]
    }
  ],
  "stages": [
    2,
    4,
    6,
    8,
    10,
    12,
    14,
    16
  ],
  "harvestStage": 4,
  "growth_chance": 0.75,
  "growth_bonus": 0.025,
  "bonemeal": true,
  "tier": 1,
  "cloneable": true,
  "spread_chance": 0.1,
  "grass_drop_chance": 0.0,
  "seed_drop_chance": 1.0,
  "seed_drop_bonus": 0.0,
  "products": {
    "products": [
      {
        "min": 1,
        "max": 5,
        "chance": 0.9,
        "required": true,
        "type": "item",
        "object": "pamhc2crops:grapeitem",
        "useTag": false,
        "data": "",
        "ignoredData": []
      }
    ]
  },
  "clip_products": {
    "products": []
  },
  "requirement": {
    "soil_humidity": {
      "condition": "wet",
      "type": "equal",
      "tolerance_factor": 0.15
    },
    "soil_acidity": {
      "condition": "slightly_acidic",
      "type": "equal",
      "tolerance_factor": 0.2
    },
    "soil_nutrients": {
      "condition": "high",
      "type": "equal_or_higher",
      "tolerance_factor": 0.1
    },
    "min_light": 10,
    "max_light": 16,
    "light_tolerance_factor": 0.5,
    "seasons": [
      "summer",
      "autumn"
    ],
    "conditions": [],
    "fluid": {
      "type": "fluid",
      "object": "minecraft:empty",
      "useTag": false,
      "data": "",
      "ignoredData": []
    }
  },
  "callbacks": [],
  "texture": {
    "render_type": "hash",
    "plant_models": [],
    "plant_textures": [
      [
        "pamhc2crops:block/grape_stage_0"
      ],
      [
        "pamhc2crops:block/grape_stage_0"
      ],
      [
        "pamhc2crops:block/grape_stage_0"
      ],
      [
        "pamhc2crops:block/grape_stage_1"
      ],
      [
        "pamhc2crops:block/grape_stage_1"
      ],
      [
        "pamhc2crops:block/grape_stage_1"
      ],
      [
        "pamhc2crops:block/grape_stage_1"
      ],
      [
        "pamhc2crops:block/grape_stage_3"
      ]
    ]
  },
  "seed_texture": "pamhc2crops:item/grapeseeditem",
  "seed_model": "pamhc2crops:item/grapeseeditem",
  "particle_effects": []
}
