{
  "path": "resource/plants/niccissus_plant.json",
  "version": "1.16.4",
  "json_documentation": "https://agridocs.readthedocs.io/en/master/agri_plant/",
  "enabled": true,
  "mods": [
    "agricraft",
    "minecraft"
  ],
  "id": "resource:niccissus_plant",
  "plant_lang_key": "agricraft.plant.niccissus.name",
  "seed_lang_key": "agricraft.plant.niccissus.seed",
  "desc_lang_key": "agricraft.plant.niccissus.desc",
  "seed_items": [],
  "stages": [
    2,
    4,
    6,
    8,
    10,
    12,
    14,
    16
  ],
  "harvestStage": 4,
  "growth_chance": 0.5,
  "growth_bonus": 0.025,
  "bonemeal": false,
  "tier": 4,
  "cloneable": false,
  "spread_chance": 0.1,
  "grass_drop_chance": 0.0,
  "seed_drop_chance": 1.0,
  "seed_drop_bonus": 0.0,
  "products": {
    "products": [
      {
        "min": 1,
        "max": 2,
        "chance": 0.95,
        "required": true,
        "type": "item",
        "object": "forge:nuggets/nickel",
        "useTag": true,
        "data": "",
        "ignoredData": []
      }
    ]
  },
  "clip_products": {
    "products": []
  },
  "requirement": {
    "soil_humidity": {
      "condition": "dry",
      "type": "equal",
      "tolerance_factor": 0.2
    },
    "soil_acidity": {
      "condition": "slightly_alkaline",
      "type": "equal",
      "tolerance_factor": 0.2
    },
    "soil_nutrients": {
      "condition": "low",
      "type": "equal",
      "tolerance_factor": 0.2
    },
    "min_light": 10,
    "max_light": 16,
    "light_tolerance_factor": 0.5,
    "seasons": [
      "spring"
    ],
    "conditions": [
      {
        "strength": 11,
        "amount": 1,
        "min_x": 0,
        "min_y": -2,
        "min_z": 0,
        "max_x": 0,
        "max_y": -2,
        "max_z": 0,
        "type": "block",
        "object": "forge:ores/nickel",
        "useTag": true,
        "data": "",
        "ignoredData": []
      }
    ],
    "fluid": {
      "type": "fluid",
      "object": "minecraft:empty",
      "useTag": false,
      "data": "",
      "ignoredData": []
    }
  },
  "callbacks": [],
  "texture": {
    "render_type": "hash",
    "plant_models": [],
    "plant_textures": [
      [
        "agricraft:plant/niccissus1"
      ],
      [
        "agricraft:plant/niccissus1"
      ],
      [
        "agricraft:plant/niccissus1"
      ],
      [
        "agricraft:plant/niccissus2"
      ],
      [
        "agricraft:plant/niccissus2"
      ],
      [
        "agricraft:plant/niccissus2"
      ],
      [
        "agricraft:plant/niccissus3"
      ],
      [
        "agricraft:plant/niccissus4"
      ]
    ]
  },
  "seed_texture": "agricraft:seed/niccissus",
  "seed_model": "agricraft:seed/niccissus",
  "particle_effects": []
}
